Reference Text,Hypothesis Text,WER Score
"これに不快感を示す住民はいましたが,現在,表立って反対や抗議の声を挙げている住民はいないようです。","これに不快感を示す住民はいましたが,現在,表立って反対や抗議の声を挙げている住民はいないようです。",0.00%
"幸福の科学側からは,特にどうしてほしいという要望はいただいていません。","幸福の科学側からは,特にどうしてほしいとい",40.00%
"星取り参加は当然とされ,不参加は白眼視される。","星取り参加は当然とされ,不参加は白",26.09%
室長の対応には終始誠実さが感じられた。,室長の対応には終始誠実さが感じられた。,0.00%
多くの女性が生理のことで悩んでいます。,多くの女性が生理のことで悩んでいます。,0.00%
先生の理想は限りなく高い。,先生の理想は限りなく高い。,0.00%
"それは兎も角,私も明日の社説を楽しみにしております。",それは,88.46%
"そうだったらいいなあとは思いますが,日本学術会議の会長談話について“当会では,標記の件について,以下のように考えます。”","そうだったらいいなあとは思いますが,日本学術会議の会長談話について“当会では,標記の件について,以下のように考えます。”",0.00%
教団にとっては存続が厳しくなると思う。,教団にとっては存続が厳しくなると思う。,0.00%
しかし強制していなくても問題です,しかし強制していなくても問題です,0.00%
"民族派のみなさんにとって陛下はいちばん大切な方ですから,その霊言について“あり得ない”という前提でお話をされる。",民族派のみなさんにとって陛下はい,71.43%
新しい産業構造を作らなければいけない。,新しい産業構造を作らなければいけない。,0.00%
心がないんだ。,心がないんだ。,0.00%
そのモサは今何をしているか。,そのモサは今何をしているか。,0.00%
本音としてはこの火に油を注ぎたいけれど。,本音としてはこの火に油を注,35.00%
25日も楽しみにされてください。,25日も楽しみにされてください。,0.00%
"なんだよなんだよぉ~,わが署に来たのなら教えてくれよぉ~。",なんだよなんだよ,72.41%
"どの本もツッコミどころが山ほどあり,会場内が爆笑の連続でした。","どの本もツッコミどころが山ほどあり,会場内が爆笑の連続でした。",0.00%
"社会への恨みと,破滅させたいという恐ろしいほどの煩悩。",社会への,85.19%
とんでもない。,とんでもない。,0.00%
"抗議デモの継続を宣言した統一教会,日本でも韓国東亜日報の様に襲撃事件が起こる惧れはないのか?","抗議デモの継続を宣言した統一教会,日本でも韓国東亜日報の様に襲撃事件が起こる惧れはないのか?",0.00%
"ついつい言葉だけで机上の空論をこねがちな自分は,ここは激しく自戒ですね...","ついつい言葉だけで机上の空論をこねがちな自分は,ここは激しく",21.05%
"当選して市長になってもなお,摂理との関係を明らかにしようとしないのは,とても残念。","当選して市長になってもなお,摂理との関係を明らかにしようとしないのは,とても残念。",0.00%
この夏が実は最大の山場になります。,この夏が実は最大の山場になります。,0.00%
"政府がもっと宗教法人の定義を厳しくし,こういう団体は排除すべき。","政府がもっと宗教法人の定義を厳しくし,こういう団体は排除すべき。",0.00%
"まあ,それが親心だ。","まあ,それが親心だ。",0.00%
"大川隆法氏を支持する人が挙げた主な理由は,以下のとおり。","大川隆法氏を支持する人が挙げた主な理由は,以下のとおり。",0.00%
すごくそういうところを引っかかる感じですか?,すごくそういうところを,50.00%
この記事が本当ならいくつかの問題がはっきり見えてきます。,この記事が本当ならいくつかの問題がはっきり見えてきます。,0.00%
"今,何もそれは達成されていない。","今,何もそれは達成されていない。",0.00%
身勝手すぎる。,身勝手すぎる。,0.00%
"大人と子供では体質が違うので,“大人に良いものが子供にもいい”とは必ずしもいえません。","大人と子供では体質が違うので,“大人に良いものが子供にもいい”とは必ずしもいえません。",0.00%
愛人がいたら怒るでしょ。,愛人がいたら怒るでし,16.67%
"キリスト教世界でも,たとえばアメリカでは大統領は宣誓式で聖書に手を置くし,共和党の選挙運動ではキリスト教会が力を持っている。","キリスト教世界でも,たとえばアメリカでは大統領は宣",59.68%
"“カンボジア三百万人大量虐殺をほめたたえ,カンパ集める”",“カン,89.29%
"奇しくも,今年1月付けの最新号です。",,100.00%
一番の方法は煎じることです。,一番の方法は,57.14%
"それでも,くり返しくり返し,人民に侵略反対を訴え続けて十年がたった。","それでも,",85.29%
"説教というか,アジテーションが始まります。",説教とい,80.95%
"参考文献リストを見る限りでは,本を書くにあたって読んだのかはわからないが,広範囲に亘って本を読んでいて勉強していることはわかった。","参考文献リストを見る限りでは,本を書くにあたって読んだのかはわからないが,広範囲に亘って本を読んでいて勉強していることはわかった。",0.00%
"文殊菩薩私が幸福になっていない以上,世界伝道などはありえない!","文殊菩薩私が幸福になっていない以上,世界伝道などはありえない!",0.00%
しばらくの完全休養とリハビリが必要とのことでした。,しばらくの完全休養とリハビリが必要とのことでした。,0.00%
"いまのところ,訴訟沙汰になったとか,米・中・朝の軍が幸福の科学を襲撃したといった話は聞きません。","いまのところ,訴訟沙汰になったとか,米・中・朝の軍が幸福の科学を襲撃したとい",20.83%
バームクーヘンでも周りにお砂糖がたっぷり付いているもの。,バームクーヘンでも周りにお砂糖がたっぷり付いているもの。,0.00%
"しかし,心配には及ばないようです。","しかし,心配には及ばないようです。",0.00%
"いったい,“次世紀ファーム研究所”とは何なのか。","いったい,“次世紀ファーム研究所”とは何なのか。",0.00%
"その後,一部の会員に渡すための賞状にサインしてくださいと頼まれ,サインをいたしました。","その後,一部の会員に渡すための賞状にサインしてくださいと頼まれ,サインをいたしました。",0.00%
"事前に海老澤代表からは“40歳くらいとお若いけれど,とても家系のことに詳しい先生”と聞かされていた。","事前に海老澤代表からは“40歳くらいとお若いけれど,とても家系のことに詳しい先生”と聞かされていた。",0.00%
“1000万円当たりますように”というのもありました。,“1000万円当たりますように”とい,33.33%
"いつもどおりなので,たぶん何も問題ありません。","いつもどおりなので,たぶん何も問題ありません。",0.00%
震災に乗じて末端信者から献金を集めようとの意図が判る。,震災に乗じて末端信者から献金を集めようとの意図が判る。,0.00%
"AdPlannerもサイトの月間利用者の推定データだと思うので,Twitterアカウント数でも,Twitter利用者数でもないだろう。",Ad,97.01%
"“天聖稲荷大権現神社”を出て,“箱根大天狗山神社”へ向かう。","“天聖稲荷大権現神社”を出て,“箱根大天狗山神社”へ向かう。",0.00%
みんな自分の立場から主張しています。,みんな自分の立場から主張しています。,0.00%
"“鶴”は統一教会教祖・文鮮明の妻,韓鶴子が由来か。","“鶴”は統一教会教祖・文鮮明の妻,",32.00%
“心筋梗塞になったが神様に命を救っていただいた”,“心筋梗塞になったが神様に命を救っていただいた”,0.00%
広告審査部への取り次ぎは読者センターの判断に委ねるとのこと。,広告審査部への取り次ぎは読者センターの判断に委ねるとのこと。,0.00%
ビデオセンタースタッフも参加。,ビデオセンタースタッフも参加。,0.00%
"空気を読もうとする姿勢が見られ,不思議な気持ちになりました。",空気を,90.00%
"だが,生真面目な彼は少し困った顔をしてこう言った。","だが,生真面目な彼は少し困った顔をしてこう言った。",0.00%
どうぞ取材に来てください。,どうぞ取材に来てください。,0.00%
"でも党が結成されたときは,けっこう報道されていましたよ。","でも党が結成されたときは,けっこう報道されていましたよ。",0.00%
陳述書に“現在も通っている”と書いてあるが?,,100.00%
"ファンの皆様には混乱を招いてしまい,誠に申し訳ございません。","ファンの皆様には混乱を招いてしまい,誠に申し訳ございません。",0.00%
"教祖の浮気性,あくなき欲望。","教祖の浮気性,",50.00%
さっぱり意味がわかりません。,さっぱり意味がわかりません。,0.00%
心よりお悔やみ申し上げます。,心よりお,71.43%
"そんな俗世の快楽を楽しむ彼も,インタビューには“洗礼を受けるつもり”と答えている。",そんな俗世の,85.37%
"記者はその勝手な言い分に対し,“暑い中,わざわざ来てくれた警官に失礼だろう!”","記者はその勝手な言い分に対し,“暑い中,わざわざ来てくれた",25.64%
"というか,返す刀で互いを批判し合っています。",とい,90.91%
"みな,事実に基づいて恐怖と憎悪と嘲りを込めてぼくをカルトくんと呼んでくれています。","みな,事実に基づいて恐怖と憎悪と",60.98%
そうだろ?,そうだろ?,0.00%
すごいすごい。,すごいすごい。,0.00%
"もちろん,まじめにやっている宗教法人もあるとは思いますが,やりたい放題やろうと思えばできてしまう構造は変える必要があるように思います。","もちろん,まじめにやっている宗教法人もあるとは思いますが,やりたい放題やろうと思えばできてしまう構造は変える必要があるように思います。",0.00%
"きっと,地上天国の中にいるのでしょう。","きっと,地上天国の中にいるのでしょう。",0.00%
過去に自らが主催した飯田氏の講演の映像もYouTubeから削除しました。,過去に自らが主催した飯田氏の講演の映像もYou,36.11%
"もう一つびっくりしたことと言えば,公立学校の中には保育所が併設されているところがあるということです。","もう一つびっくりしたことと言えば,公立学校の中には保育所が併設されているところがあるとい",12.00%
"おかしな販売をしているといっても,それはあくまでも刑事事件の話であって,公安部が出てくる筋ではありません。","おかしな販売をしているといっても,それはあくまでも刑事事件の話であって,公安部が出てくる筋ではありません。",0.00%
"地方に住む知人の僧侶によると,こんな話もありました。","地方に住む知人の僧侶によると,こんな話もありました。",0.00%
"だからまあ,もう,“殺ってくれ”とは言っておいたから。",だからま,85.19%
"右奥に見える重機が,我々に何かを物語っている気がしないでもありません。","右奥に見える重機が,我々に何かを物語っている気がしないでもありません。",0.00%
とても賢い生徒さんです。,とても賢い生徒さんです。,0.00%
"たまたま,お互いに潜入取材の最中だった。","たまたま,お互いに潜入取材の最中だった。",0.00%
"ホメオパシーのレメディは毒にも薬にもならない“ただの水”と砂糖玉なので,司法解剖によってわかる類の因果関係なんてあるはずもありません。","ホメオパシーのレメディは毒にも薬にもならない“ただの水”と砂糖玉なので,司法解剖によってわかる類の因果関係なんてあるはずもありません。",0.00%
"まさか松田氏は,男性が倒れる前から消防に通報していたとでもいうつもりだったのでしょうか。","まさか松田氏は,男性が倒れる前から消防に通報していたとでもいうつもりだったのでしょうか。",0.00%
是非書けるようになってみたい。,是非書,80.00%
どう見ても幸福の科学出版の広告です。,どう見ても幸福の科学出版の広告です。,0.00%
"おおつた氏は数年前に勧誘され足立教会の通教組織である【びぎん】に所属,前線での違法な勧誘や霊感商法には関わっていなかったらしい。",おおつた氏は数年前に勧誘され足立教会の通教組織である【,57.81%
"昔,阪神淡路大震災の時は,駅から重いリックを背負って,片道3時間歩いて仮設トイレ等の設置のボランティアに行きましたが,被災地の大変さは,想像以上でした。","昔,阪神淡路大震災の時は,駅から重い",76.32%
"かなりの長文になりますが,どうかご了解をお願いします。","かなりの長文になりますが,どうかご了解をお願いします。",0.00%
"政党と柴犬を同列に扱うというのも,なかなかです。",政党と柴犬を同列に扱うとい,45.83%
"ですから,もろもろ客観的解説やツッコミも入ります。","ですから,も",76.00%
"その後一行は,池袋駅に移動。","その後一行は,池袋駅に移動。",0.00%
"学校法人幸福の科学学園が2013年に関西校を開校するため土地を購入した滋賀県大津市内で,学園開校に反対する声が地元住民から挙がっています。","学校法人幸福の科学学園が2013年に関西校を開校するため土地を購入した滋賀県大津市内で,学園開校に反対する声が地元住民から挙がっています。",0.00%
"では,同じくメディアとしての品性のかけらもない“やや日刊カルト新聞”が,品性のかけらもない宗教者たちの過去のエロ事件を調べてみました。","では,同じくメディアとしての品性のかけらもない“やや日刊カルト新聞”が,品性のかけらもない宗教者たちの過去のエロ事件を調べてみました。",0.00%
宗教は怖い?,宗教は怖い?,0.00%
"また渡辺弁護士は,こうも指摘します。","また渡辺弁護士は,こうも指摘します。",0.00%
その流れというのもあるので???。,その流れとい,64.71%
勝利の女神がどちらにほほ笑むか全く分からない展開。,勝利の女神がどちらに,60.00%
ストイコビッチ監督は「浦和は最後まで目を覚ますことがなかった」と、ジョークを交えながら「柏さんにはおめでとうと言いたい」と新王者を称えた。,,100.00%
一団の脇をレスキューボードでライフセーバーが泳ぎ、さらにカヌー、水上バイクもその外に待機する。,一団の脇をレスキューボードでライフ,63.83%
...あなたが涙を流した「SATC」のエピソードは?,...あなたが涙を流した「SATC」のエピソードは?,0.00%
ジャンボ機の愛称で知られるボーイング747のうち、約20年にわたって日航で活躍してきた国内線仕様の「400D型」の引退フライトツアーが19日あり、参加した約450人が乗り込み別れを惜しんだ。,ジャンボ機の愛称で知られるボーイ,83.16%
センター街の片隅で、撮影の準備を始める大島優子さんとスタッフ。,センター街の片隅で、撮影の準備を始める大島優子さんとスタッフ。,0.00%
この背景には、アメリカの金融緩和の影響で多額の資金が原油の先物市場に流れ込んでいることや、新興国の需要の拡大で国際的な原油取引の価格が上昇していることがあります。,この背景には、アメリカの金融緩和の影響で多額の資金が原油の先物市場に流れ,55.56%
本格的だし、絶対に効くと思うので、いろいろな人に覚えてもらいたいです。,本格的だし、絶対に効くと思うので、いろいろな人に覚えてもらいたいです。,0.00%
仮設を出た後に住みたい場所では、岩手、宮城の約6割が「以前住んでいた場所に近い高台」「同じ市町村」、福島の7割が「以前住んでいた場所」と答えた。,仮設を出た後に,90.28%
当初、アメリカ映画として作る発想から始まったので英語映画にしたが、舞台にニューヨークを選ばなかったのは、東京を壊すべきだと思ったから。,当初、アメリカ映画として作る発想から始まったので英語映画にしたが、舞台にニューヨークを選ばなかったのは、東京を,17.91%
このページに掲載されている記事・写真・図表などの無断転載を禁じます。,このページに掲載されている記事・写真・図表などの無断,23.53%
記者がアジアを飛び回っているせいか、やはりアジアの方が多いです。,記者がアジアを飛び回っているせいか、やはりアジアの方が多いです。,0.00%
警視庁は今後、役員らから事情を聴くなど、検査妨害の全容を解明する方針。,警視庁は今後、役員らから事情を聴くなど、検査妨害の全,25.71%
70年ぶりに生息が確認されたクニマスの保護に向け、西湖で地元の漁業協同組合が、禁漁区を自主的に設定しました。,70年ぶりに生息が確認されたクニマスの保護に向け、西湖で地元の漁業協同組合が、,27.78%
谷川容疑者は政治団体の構成員を名乗っていて、当時、団体の車両が中国に対する批判を繰り返す街宣活動を行っていたという。,谷川容疑者は政治団体の構成員を名乗っていて、当時、団体の車両が中国に対する批判を繰り返す街宣活動を行っていたとい,3.45%
やがて、書きためた曲を携え、「ウクレレわらべうた」として児童館などでライブを始め、そこで出会った絵本の読み聞かせをする父親たちのグループ「パパ’S絵本プロジェクト」の活動に合流。,やがて、書きためた曲を,87.64%
昨年4月、オバマ米大統領が「核兵器のない世界を目指す」と訴えたプラハ演説以降、潮目が変わってきているのかなと、かすかな期待を抱く。,昨年4月、オバマ米大統領が「核兵器のない世界を目指す」と訴えた,52.31%
だが08年4月、あごを骨折し3つ目の王座から陥落。,だが08年4月、,68.00%
今期の経常利益は急回復する見通しだが、中期的に見れば、震災の影響はジワジワ効いてくる。,今期の経常利益は急回復する見通しだが、中期的に見れば、震災の影響は,23.26%
鋭い眼光でこちらを睨み付けるニノ、ヴィジュアル系のように自分を抱きしめるニノ、壁にへばり付き何かに怯えるニノ......。,鋭い,96.72%
パク・チウォン代表は「25人の将軍級を懲戒するというが、こうした重大な問題を監査院の監査で懲戒程度で終わらせることはありえない」、「軍法会議に回付して、軍検察が徹底した調査をするように要求する」と述べた。,パク・,97.06%
SMBC日興証券は2012年秋をめどにシンガポール拠点を開設する。,SMBC日興証券は2012年秋をめどにシンガポール拠点を開設する。,0.00%
3年ぶりにボランチでプレーしたので自己評価は出来ない。,3年ぶりに,81.48%
わずか半年間に重賞を3勝し、血統馬にふさわしい活躍を見せてきた。,わずか半年間に重賞を3勝し、血統馬に,43.75%
伏兵の一発を含む11安打9得点で静岡県勢として春通算50勝を達成。,伏兵の一発を含む11安打9得点で静岡県勢として春通算50勝を達成。,0.00%
メディアから「45年の歴史を持つメジャーリーグのドラフト史上で『最高の選手』」と言われていたストラスバーグだが、この契約金は各方面で話題になった。,メディアから「45年の歴史を持つメジャーリーグのドラフト史上で『最高の選手』」と言われていた,36.99%
私たち去る大戦の悲惨な教訓から戦後「命どぅ宝」、基地のない平和で安全な沖縄を希求してきました。,私たち去る大戦の悲惨な教訓から戦後「命ど,57.45%
5/13に放送されるフジテレビ系「僕らの音楽」にて、福原美穂とAIという豪華共演が決定した。,5/13に放送されるフジテレビ系「僕らの音楽」にて、福原美,36.96%
そして次巻「約束の地で」では一気に時間が20年後へと飛ぶ。,そして次巻「約束の地で」では一気に時間が20年後へと飛ぶ。,0.00%
もちろん、運転可能!,もちろん、運転可能!,0.00%
ビーチや公園、家やオフィスなど様々な場所に持ち運んで楽しむことができます。,ビーチや公園、家やオフィスなど様々な場所に持ち運んで楽しむことができます。,0.00%
2人は以前、男性に向かって石を投げた際に投げ返されたり、喫煙していてとがめられたりしたことがあり、恨みを募らせていたという。,2人は以前、男性に向かって石を投げた際に投げ返されたり、,54.84%
深刻度がもっとも高い「緊急」とされるのは、「Windows」に関するプログラム4件。,深刻度がもっとも高い「緊急」とされるのは、「Windows」に関するプログラム4件。,0.00%
ただ、この質問に対する回答は、誰かに回答が固まることなく、1位の木村拓哉さんでも獲得率が5%以下と幅広くいろいろな人の名前が挙がる結果となりました。,ただ、この質問に対する回答は、誰かに回答が,71.62%
早ければ2010年度から行う方向となった。,,100.00%
車を所有する人の割合は前回平成13年度調査の71・2%から11・9ポイント減少した。,車を所有する人の割合は前回平成13年度調査の71・2%から11・9ポイント減少した。,0.00%
大宮は終盤、攻勢を仕掛けるも得点は奪えず。,大宮は終盤、攻勢を仕掛けるも得点は奪えず。,0.00%
本当に申し訳ない。,本当に申し訳ない。,0.00%
独立型チャペルは、本格的なヨーロピアンテイスト。,独立型チャペルは、本格的な,45.83%
教室に火の気はなく、白河署と矢吹消防署は30日、実況見分し原因を調べる。,教室に火の気はなく、白河署と矢,58.33%
一方で、西側の政治家や専門家の多くは、ノーベル賞委員会の決定は非常に理にかなったものであるとの評価を与えている。,一方で、西側の政治家や専門家の多くは、ノーベ,60.71%
午後に入ると139円80銭付近での推移となり、結局は14銭高の139円78銭で引けた。,午後に入ると139円80銭付近での推移となり、結局は14銭高の139円78銭で引けた。,0.00%
ゴールドマン・サックス証券は257社、日本最大手の野村証券は608社。,ゴールドマン・サックス証券は257社、日本最大手の野村証券は608社。,0.00%
知床半島も、はじめて訪れた1971年から大きく変わり、羅臼の漁師の家も番屋も立派になり、ウトロには無数のホテルが建ち、「地の果て」とは言えない様変わりをしています。,,100.00%
企業経営者の、そして企業人一人ひとりの意識改革ではないだろうか。,企業経営者の、そして企業人一人ひとりの意識改革ではないだろうか。,0.00%
※世帯ごとに保険料の上限が決まっている。,※世帯ごとに保険料の上限が決まっている。,0.00%
県では「風評被害を防ぐため」として店舗名を公表していない。,県では「風評被害を防ぐため」として店舗名を公表していない。,0.00%
先が気になるストーリー展開や、3人の演技に引き込まれてしまうこと間違いナシだ!,先が気になるストーリー展開や、3人の演技に引き,41.03%
法案が上院を通過すれば、昨年12月に下院を通過した法案と統合する必要があり、アナリストによると、その時期は5月下旬になると見込まれている。,法案が上院を通過すれば、昨年12月に下院を通過した法案と統合する必要があり、アナリストによると、その時期は5月下旬になると見,10.14%
来場者は熱心に見入っていた。,来場者は熱心に見入っていた。,0.00%
入場無料。,入場無料。,0.00%
当面は同省職員2人を派遣。,当面は同省職員2人を派遣。,0.00%
株式会社GCIキャピタルは、信頼できる情報をもとに本資料を作成しておりますが、正確性・完全性について株式会社GCIキャピタルが責任を負うものではありません。,株式会社GCIキ,89.74%
そのあだ名の通り、女性を見ると口説き、襲おうとするリョウちゃん。,その,93.75%
男女が親交を深めやすいようにと、ピザ作り体験などを企画の柱にしたところ大好評となった。,男女が親交を深めやすいようにと、ピザ作り体験などを企画の柱にしたところ大好評となった。,0.00%
恵まれた身体能力を生かした守備はもちろん、闘争心をむき出しに前線へと駆け上がるプレーで相手を翻弄。,恵まれた身体能力を生かした守備はもちろん、,57.14%
ベストアルバム『BADTIMES』をリリースすることが明らかになりました!,ベストアルバム『BAD,70.27%
震災を考慮して街頭運動が一部異例の選挙戦がスタートした。,震災を考慮して街頭運動が一部異例の選挙戦がスタートした。,0.00%
トッティは試合後に「この記録を誇りに思うが、ここで止まることはない」とコメント。,ト,97.50%
尾崎淳介校長は「水筒を持たせ、帽子をかぶるように指導していた。,尾,96.77%
自由で不思議でキュートな女の子、AKB48チームBのメンバーメンバー小林香菜。,自由で不思議でキュートな女の子、AKB48チームBのメンバーメンバー小林香,5.13%
景観・社会・文化・報道・文化遺産・近代史写真等、豊富なジャンルでご対応!,景観・社会・文化・報道・文化遺産・近代史写真等、豊富なジャンルでご対応!,0.00%
過去に記者会見で歌を歌った選手などがいたが競技外のパフォーマンスがどうであったとしても競技で結果を残せなければ何の意味もない事をトリノ以降、協会が選手に伝えきれていない。,過去に記者会見で歌を歌った選手などがいたが競技外のパフォーマンスがどうであったとしても競技で結果を残せなければ何の意味もない事をトリノ以降、協会が選手に伝えきれていない。,0.00%
18分以降、SAGAWAがボールをキープする時間が増え出し行くのだが、これはペースを握っているのではなく、前からのプレッシャーが厳しいため、一旦下げて後ろで回し、なんとか穴を探ろうとしたためにポゼッションする時間が増えただけのこと。,18分以降、SAGAWAがボールをキープする時間が増え出し行くのだが、これはペースを,63.79%
通路を使って移動し、ホーム上の混雑を回避する。,通路を使って移動し、ホーム上の混雑を回避する。,0.00%
2号機の西1・1キロにある西門付近で、17日午前0時半に毎時351・4マイクロシーベルトだった放射線量が、18日午前8時には270・5マイクロシーベルトに下がった。,2号機の西1・1キロにある西門付近で、17日午前0時半に毎時351・4マイクロ,52.44%
簡単でおいしい上に、栄養のバランスがいいとなれば言うことなしです。,簡単でおいしい上に、栄養のバランスがいいとなれば言うことなしです。,0.00%
また、レートにより金額が多少左右されます。,また、レートにより金額が多少左右されます。,0.00%
立件に消極的だったという。,立件に消極的だったとい,15.38%
わが外相が「重要な進展だ」と胸を張っているように見えたのは、きっと気のせいだ。,わが外相が「重要な進展だ」と胸を張っているように見えたのは、きっと気のせいだ。,0.00%
オバマ大統領は、雇用対策の恩恵を受ける教師や警官、建設労働者らを背に演説に臨み、「この法案が、人々を職場に戻していくことにつながる」とアピール。,オバマ大統領は、雇用対策の恩恵を受ける教師や,69.44%
オーストラリア、カナダ、メキシコでも、それぞれの国の労働者が転職先を見つけることができるとの回答が高いことがわかりました,オーストラリア、カナダ、メキシコでも、それぞれの国の労働者が,50.00%
橋下知事は立候補を明言こそしなかったが、「大都市、大阪の市長に平松市長はふさわしくない。,橋下知事は立候補を明言こそしなかったが、「大都市、大阪の市長に,29.55%
米中戦略・経済対話初日の米側は中国の反体制派への弾圧を厳しく批判したが、世界の経済成長については協調的な姿勢を示した。,米中戦略・経済対話初日の米側は中国の反体制派への弾圧を厳しく批判したが、世界の経済成長については,18.64%
ジャカルタの街中で自転車を利用する人が増えたように思う。,,100.00%
サイトの新しい楽しみ方「屋上会議室」好評公開中!,サイトの新しい楽しみ方「屋上会議室」好評公開中!,0.00%
その名の通り、スライド全面にグラフィックを配置。,その名の通り、スライド全面にグラフィックを配置。,0.00%
高校時代の同級生とあって合宿中も、不安を打ち明け合っているという。,高校時代の同級生とあって合宿中も、不安を打,36.36%
あるいは、試練に挑もうとしない逃避癖だ。,あるいは、,75.00%
イランが、IEF国際エネルギー・フォーラム実行委員会の常任メンバー国に選出されました。,イランが、IEF国際エネルギー・フォーラム実行委員会の常任メンバー国に選出されました。,0.00%
信号変換効率を向上するとともに、超低域の歪みを改善し、低域から高域まで、すぐれた周波数特性を実現している。,信号変換効率を向上するとともに、超低域の歪みを改善し、低域から高域まで、すぐれた周波数特性を実現している。,0.00%
初期投資のいくらか全ての損失を被る可能性が存在します、,初期投資のいくらか全ての損失を,44.44%
最初の仕切りで芳東に待ったをかけられた宝智山は、仕切り直しの立ち合いで得意の右四つとなり左上手を取ると、相手に構うことなく前に出てそのまま寄り倒した。,最初の,96.00%
父から「おまえが決意して、そこまでやるなら応援する」と思いもよらない言葉で激励された。,父から「おまえが決意して、そこまでやるなら応援する」と思いもよらない言葉で激励された。,0.00%
西宮市は活動を大規模災害に限っているため、日常的に活動する機能別消防団員は県内初。,西宮市は活動を大規模災害に限っているため、日常的に活動する機能別消防団員は県内初。,0.00%
東中本運動場まで徒歩5分一日600円/5台,東中本運動場まで徒歩5分一日600円/5台,0.00%
って言ってる年齢不詳?,って言ってる年齢不,18.18%
キレイでオシャレな店内はずっといてもいいぐらいですね。,キレイでオシャレな店内はず,51.85%
自分は希望スタイルをいつも複数抱えて来店しますが、センスの良いスタッフの意見が役に立っていつも満足のいく仕上がりを施してくださいます。,自分は希望スタイルをいつも複数抱えて来店しますが、センスの良いスタッフの意見が役に立っていつも満足のいく仕上がりを施してくださいます。,0.00%
あれじゃ客は来ないね、,あれじゃ客は来ないね、,0.00%
診察は予約制なのに1時間まちはざらです。,診察は予約制なのに1時間まちは,25.00%
“シールド工法”が良くわかります。,“シールド工法”が良くわかります。,0.00%
エステは受けたことが無いので相場はわかりませんでしたが、まぁ、これなら妥当かな、という感じでした。,エステは受けたことが無いので相場はわかりませんでしたが、ま,40.82%
父には90分コースをセレクトしましたが、新規価格ということで少しお得になっていました。,父には90分コースを,76.74%
友人の紹介で東京の出張マッサージを利用。,友人の紹介で東京の出張マッサージを利用。,0.00%
スタッフがフレンドリー。,スタッフがフレンドリー。,0.00%
お皿は全て重ねてたのですが、しばらくすると女性の従業員が来て、こちらのトロ刺身のお皿はお取りになられましたか?,お皿は全て重ねてたのですが、しばらくすると女性の従業員が来て、こちらのト,34.55%
営業時間は朝9時~夜7時までみたいですが、人気のあるパンはすぐなくなってしまいます。,営業時間は朝9時~夜7時までみたいですが、人気のあるパンはすぐなくなってしまいます。,0.00%
大門側から高野山に入って最初の信号にある出光興産系のガソリンスタンド。,大門側から高野山に入って最初の信号にある出光興産系のガソリンスタンド。,0.00%
テレビにて、こちらの店を知りましたが、こだわりの店と認識していたので正直がっかりさせられました。,テレビにて、こちらの店を知りましたが、こだわりの店と認識していたので正直がっかりさせられました。,0.00%
アアルトさんのコーヒー豆を使ったコーヒーは文句のつけようなし!,,100.00%
値段も普通くらいかな。,値段も普通くらいかな。,0.00%
いつも割りと混んでる。,いつも割りと混んでる。,0.00%
宴会が入って忙しかったのかも知れないが、接客は最悪、味も最低、刺身の盛り合わせは水っぽく、町のスーパーで売っている最低ランクの刺身と同じ味。,宴会が入って,91.43%
夜は5時に行くのが1番です。,夜は5時に行くのが1番です。,0.00%
治療やケアの方も素晴らしく、待合室もここが歯医者だと忘れてしまうくらい立派です。,治療やケアの方も素,77.50%
料理も美味しいし、女将・スタッフの皆さんよい感じでしたよ!,料理も美味しいし、女将・スタッフの皆さんよい感じでしたよ!,0.00%
この様な担当者の姿勢、とても良いと思います。,この様な担当者の姿勢、とても良いと思います。,0.00%
他社と比べても初めての見積もりの内容が非常に具体的でイメージがわきやすく好印象でした。,他社と比べても初めての見積もりの内容が非常に具体的でイメージがわきやすく好印象でした。,0.00%
持ってきてくれるのはいいのですが、他のメニューは食べ終わってしまって「おあずけ」状態です。,持ってきてくれるのはいいのですが、他のメニューは食べ終わってしまって「お,20.00%
また、この店は、土日になるとドライブスルー渋滞ができます。,また、この店は、土日になるとドライ,41.38%
料理は美味しい、雰囲気も良い、なによりお酒が美味しい。,料理は美味しい、雰囲気も良い、なによりお酒が美味しい。,0.00%
最近かなり混んで来ましたが先生は相変わらずマイペースでしっかり診療してくれるので予約が遅くなっても不満はありません。,最近かなり混んで来ましたが先生は相変わらずマイペースでし,51.72%
参ったなぁ、と途方にくれた時ふと最初に「あれではないよな」と思っていた不動明王の像があるお墓。,参ったなぁ、と,85.11%
バッティングセンターとビリヤード台もあって、仕出しをとれる会議室もあり、小さいながらも施設機能は充実してます。,,100.00%
子供お祝い返しに買ったロールケーキがカビていたので、本当に怒りしんとうでした,子供お祝い返しに買ったロー,65.79%
すごく親身にお世話してくれました。,すごく親身にお世話してくれました。,0.00%
最近出来た新しい産婦人科と悩みましたが、こちらの病院を選び正解だったと感じてます。,最近出来た新しい産婦人科と悩みましたが、こちらの病院を選び正解だったと感じてます。,0.00%
その時からのだから?,その時からのだから?,0.00%
美味しいおせんべいの他、ワッフルやゼリーなどもオススメです。,美味しいおせん,76.67%
ずっとコンプレックスだったので、キレイにしていただけて本当に良かったです。,ずっとコンプレックスだったので、キレイにしていただけて本当に良かったです。,0.00%
とりあえず生ビールから始め、華のれんさんのサイトで気になってた「ばくだん」という名物料理でまずは一杯。,とりあえず生ビールから始め、,72.55%
Tacoは1つ3ドルぐらい。,Ta,85.71%
ゼクシィを見て、いろいろなお店に体験に行きましたが、このお店が圧倒的によかったので、通うことにしました。,,100.00%
私はあまりエステにお金をかけれないと思い色々なエステサロンに相談にすごく親身になって下さり他のエステさんより安心できました。,私はあまりエステにお金をかけれないと思い色々なエステサロンに相談にすごく親身になって下さり他のエステさんより安心できました。,0.00%
着付けや和装ヘアスタイルが得意。,着付けや和,68.75%
スタッフの皆さんが笑顔で接してくれて、全然緊張することなく過ごせました。,スタッフの皆さんが笑顔で接してくれて、全然緊張することなく過ごせました。,0.00%
デスクワークで固まった肩や背中を、アロママッサージで気持ちよくほぐしていただいて助かります。,デスクワ,91.30%
最後まで熱々で食べれる温度管理白馬近辺でラーメンと言ったらここですかね。,最後まで熱々で食べれる温度管理白馬近辺でラーメンと言ったらここですかね。,0.00%
声もほとんど筒抜け状態であった。,声もほとんど,62.50%
隠れ家居酒屋という名前にぴったり。,隠れ家居酒屋とい,52.94%
私たちの場合、金銭に絡んだ多重債務の処理等たくさん手がけているとのことで安心して相談できました。,私たちの場合、金銭に,79.17%
在庫の様子がよくわからないけど、デパートの中なのでたぶん小さい。,在庫の様子がよくわからないけど、デパートの中なのでたぶん小さい。,0.00%
若いお客さんよりそれ相応の年代のお客が多く、落ち着いて飲めるBarです。,若いお客さんよりそれ相応の年代のお客が多く、落ち着いて飲めるBarです。,0.00%
出入り口の交差点はもともと歩行者や自転車が多いので、かなり混雑しています。,出入り口の交差点はもともと歩行者や自転車が多いので、かなり混雑しています。,0.00%
食べきれないくらい出てきました。,食べきれないくらい出てきました。,0.00%
小さいお子さんがいるお母さんには最高のお店です。,小さいお子さんがいるお母さんには最高のお店です。,0.00%
値段は間違えてぼられるし刺身は最悪でした,値段は間違えて,65.00%
ソフトバンク直営店より高く売っています,ソフトバンク直営店より高く売っています,0.00%
しかしこのフロントの女性は、結局エレベーターに乗れずに階段を下りてきた私たちに向かって、「タクシーがずーーーっと待ってますので、急いでください」と言ってきました。,しかしこのフロントの女性は、結局,80.25%
ビンや缶に入っているのは糀が死んでいるのですね。,ビンや,87.50%
大きなお店は苦手なので私にとってはアットホームな感じで楽しい時間を過ごすことができ大満足です。,大きなお店は苦手なので私にとってはアットホームな感じで楽しい時間を過ごすことができ大満足です。,0.00%
まだまだ聞きとれない単語もいっぱいですが、最近は英語を聞いてもビクッと構えることなくどんどん質問しちゃってます、,まだまだ聞きとれない単語もいっぱいですが、最近は英語を聞いても,44.64%
レッスンが楽しみで、何をしても長続きしない私でも、週1回きっちり通えています。,レッスンが楽しみで、何をしても長続きしない私でも、週1回きっちり通えています。,0.00%
また問診についてですが、他所受診にて原因不明のままの痛みについてしばらくの間レントゲンではなくMRI検査を検討していた為、やはり検査手段について医師と相談したかったです。,また,97.65%
なかなか、女性一人で、ゆっくり、休める宿は少ない、,なかなか、女性一人で、ゆっくり、,36.00%
高松以外のホテルエリアワンを利用したことがあり、その際にサービス、ホテルの施設などが気に入って、今回も利用させていただくことにしました。,高松以外のホテルエリアワンを利用したことがあり、その際にサービス、ホテルの施設などが気に入って、今回も利用させていただくことにしました。,0.00%
色々な飲食店が乱立する中、老舗の安定感と手軽さを兼ね揃えています。,色々な飲食店が乱立する中、老舗の安定感と手軽さを兼ね,21.21%
ただ、自分で同じような柔軟やマッサージをしてみてもうまくできないようだ。,ただ、自分で同じような柔軟やマッサージをしてみてもうまくできないようだ。,0.00%
席数はあまり多くないお店だが、食事の内容には満足出来る。,席数はあまり多くないお店だが、食事の内容には満足出来る。,0.00%
整体やマッサージで良くならなかった人にもオススメします。,整体やマッサージで良くならなかった人にもオス,21.43%
こちらのホテルは多少の設備の古さは感じなくも無いものの、スタッフさんのサービスが普通のホテルのように行き届いています。,こちらのホテルは多少の設備の古さは感じなくも無いものの、スタッフさんのサービスが普通のホテルのように行き届いています。,0.00%
この低料金でこの設備を提供してくれるのはありがたいですね。,この低料金でこの設備を提供してくれるのはありがたいですね。,0.00%
仕事に疲れてフラフラでチェックインしても、フロントの方をはじめホテルのスタッフの方々が気持ちのいい対応をしてくれるので、泊まりに行きたくなります。,仕事に疲れて,91.78%
値段相応といえばそれまでですが、風呂が狭いことだけが残念。,値段相応といえばそれまでですが、風呂が狭いことだけが残念。,0.00%
従業員の方々もいつも暖かく送り出してくれるので、私が千葉で宿泊するホテルはここできまりです。,従業員の方々もいつも,78.26%
ビジネスマンに対しての細かいところにまで気を配ったサービスがありがたく、ネットにキッチンにランドリーまで使えてこのお値段というのは安いと思います。,ビジネスマンに対しての細かいところにまで気を,69.86%
初めて宿泊したのですが、はじめてに感じない、そんなアットホームな雰囲気もあるホテルでした。,初めて宿泊したのですが、はじめてに感じない、そんなアットホームな雰囲気もあるホテルでした。,0.00%
ですがほかのブックオフの中型店では多くの店員を雇うと教育がされておらず、私語がうるさいと店員はそちらを向くと、なんと店員がおしゃべりしていた。,ですがほかのブックオフの中型店では多くの店員を雇うと教育がされておらず、私語がうるさいと店員はそちらを向くと、なんと店員がおし,11.27%
もう少し早い時間に営業していると嬉しいですが、お店のスタンスはgoodです。,もう少し早い時間に営業していると嬉しいですが、お店のスタンスはgoodです。,0.00%
あまり期待していなかったのに結構な額になったのでとてもうれしかったです。,あまり期待していなかったのに結構な額になったのでとてもうれしかったです。,0.00%
西友の中にあり、入りやすい雰囲気なので、初めての方にもオススメできます。,西友の中にあり、入りやすい雰囲気なので、初めての方にもオス,19.44%
リーズナブルな価格、味は勿論のこと、若いマスター夫婦の温かい雰囲気についつい長居してしまいます。,リーズナブルな価格、味は,75.00%
姫路の良く行く美容室でしたっ,姫路の良く行く美容室でしたっ,0.00%
感じのいいスタッフさんなので安心して通えます。,感じのいいスタッフさんなので安心して通えます。,0.00%
駐車場はあるものの立体駐車場で出入りに時間がかかり、6号と14号の交差点前で交通量が多くかつ駅前直結なため常に混雑しており、事実上地元の人以外のアクセスは辛いです。,駐車場はあるものの立体駐車場で出入りに時間がかかり、6号と14号の交差点前で交通量が多くかつ駅前直結なため常に混雑しており、事実上地元の人以外のアクセスは辛いです。,0.00%
テキストもとても分かりやすいですし、旅行やホームステイに使える英語を勉強、練習できるので大変気に入っております。,テキストもとても分かりやすいですし、旅行やホームステイに使える英語を勉強、練習できるので大変気に入っております。,0.00%
小さいお店なので常連さん優先なのは仕方がないですね。,小さいお店なので常,65.38%
振袖はかなり豊富で流行りのトレンド着物からベーシックなものまで色々とありました。,,100.00%
つけ麺の王様は間違いなくここ。,つけ麺の王様は間違いなくここ。,0.00%
袋や箱が、簡素で格好いいと思います。,袋や箱が、簡素で格好いいと思います。,0.00%
味が少し濃いかなぁ。,味が少し濃いかなぁ。,0.00%
院長と話をしたところ、腰痛治療も得意なようです。,院長と話をしたところ、腰痛治療も得意なようです。,0.00%
お客さんはガヤガヤしたところがイヤな方はいいかもしれません。,お客さんは,83.33%
"石川悦男元党首は,宗教法人の総本山に異動となりました。",石川,92.59%
おいしいと聞いてただけに姉には申し訳なくてホントに最悪です,おいしいと聞いてただけに姉には申し訳なくて,27.59%
セレファイスの主神。,,100.00%
一郎の妻。,一郎の妻。,0.00%
なお、冬期には山腹にスポットライトで雪だるまが描かれる。,なお、冬期には山腹にスポットライトで雪だるまが描かれる。,0.00%
この建物は、初めオフィスとして用いられたが、1909年からは市庁舎として利用された。,この建物は、初めオフィスとして用いられたが、1909年からは市庁舎として利用された。,0.00%
誕生日10月16日。,誕生日10月16日。,0.00%
また、先生方をサポートする人材の育成、教員養成のあり方を詰めていく必要がある。,また、先生方をサポートする人材の育成、教員養成のあり方を詰めていく必要がある。,0.00%
事件が朝刊各版の締め切り間際に立て続けに起こったため、各新聞は配達先によって記事内容が一部異なっている。,事件が朝刊各版の締め切り間際に立て続けに起こったため、各新聞は配達先によって記事内容が一部異なっている。,0.00%
番外編に登場。,番外編に登場。,0.00%
最高なお店で毎回感動しています。,最高なお店で毎回感動しています。,0.00%
自分でも趣味で料理をするもので一層感心することが多いのです。,自分でも趣味で料理をするもので一層感心することが多いのです。,0.00%
1967年『シラノ・ド・ベルジュラック』で初舞台。,1967年『,76.00%
人間の体は何百万年前からそのことを知っていて、体の中にウイルス等の外敵が侵入してくると、彼らと戦うために脳から全身の細胞に指令を出して熱を出しているそうです。,人間の体は何百万年前からそのことを知っていて、体の中にウイルス等の外敵が侵入してくると、彼らと戦うために脳から全身の細胞に指令を出して熱を出しているそうです。,0.00%
東京にあるハイパーコンサルティング・ジャパンさんでは、パニック障害解消プログラムを組んでカウンセリングを実施しています。,東京にあるハイパーコンサルティング・ジャパンさんでは、パニック障害解消プログラムを組んでカウンセリングを実施しています。,0.00%
公称身長156cm。,公,90.00%
"また,木村党首が“参院選の目玉政策”として掲げたのが,“参議院の廃止”。","また,木村党首が“参院選の目玉政策”として掲げたのが,“参議院の廃止”。",0.00%
ボルバキアという共生細菌がいないと正常な成長や繁殖が困難であることが研究で明らかにされた。,ボル,95.56%
2007年9月5日発売。,2007年9月5日発売。,0.00%
文書をどのようにファイルするか。,文書をどのようにファイルするか。,0.00%
そのほかアダナ近郊のシルケリ・ホユックでは彼の名が刻まれた摩崖碑文が発見されているが、こうした屋外のヒッタイト碑文としては最古の例とされる。,そのほかアダナ近郊の,85.71%
次のカットまでのスタイリングも「パパッ」と出来てしまいます。,次のカットまでのスタイリングも「パパッ」と出来てしまいます。,0.00%
独立して活動する弦楽四重奏団としては日本で最も実績を重ねている団体の一つ。,独立して活動する弦楽四重,67.57%
そののち、連隊はレンドリースにより供与されたボストンに装備を変更した。,そののち、連隊はレ,74.29%
Ciao!,Ciao!,0.00%
ジェリーとリズは恋仲になるが、アンリはリズと結婚しようとしていた。,,100.00%
また、奴隷貿易の対象ではなく宗教上のライバルであった北アフリカのイスラム諸国は、19世紀には宗主国オスマン帝国の影響力が衰え、自立した群小政権もヨーロッパ勢力の経済的・軍事的な発展に対してほとんど為す術がないほど弱体化していた。,また、奴隷貿易の対象ではなく宗教上のライバルであった北アフリカのイスラム諸国は、19世紀には宗主国オスマン帝国の影響力が,47.37%
実際に万全ではなかったり手を抜いている時以外の、真弥が本気で戦った戦闘では必ずその相手に圧勝している。,実際に万全ではなかったり手を抜いている時以外の、真,50.98%
ただし完全に外海から隔てられたものはほとんどなく、ごく狭い海峡により外海とつながっているものが多い。,ただし完全に外海から隔てられたものはほとんどなく、ごく狭い海峡により外海とつながっているものが多い。,0.00%
以下は「表向き」を好むと答えた人間の割合である。,以下は「表向き」を好むと答えた人間の割合である。,0.00%
バトルに敗北するとどうなるかは作品ごとに決められている。,バトルに敗北するとどうなるかは作品ごとに決められている。,0.00%
通常この協議は1〜4年かかるとされている。,通常この協議は1〜4年かかるとされている。,0.00%
ひびの入ったパネル。,ひ,90.00%
昨日も仲間8人で楽しくおいしくいただきました。,昨日も仲間8人で楽しくおいしくいただきました。,0.00%
デビュー当時からテレビにはほとんど出演しないが、CS放送には出演したことがある。,デビュー当時からテレビにはほとんど出演しないが、CS放送には出演したことがある。,0.00%
"祖国を侵略者ベトナムから解放するその一点で闘う少年兵,少女兵の笑顔にまさるものはない。",祖国を侵略者ベトナムから解放するその一点で,51.16%
"しかし取材していても,特定のイデオロギーや党派組織の影響を感じません。","しかし取材していても,特定の",60.00%
エレクトロウェッティングは既存の液晶ディスプレイ生産ラインに変更を加えれば製造できるという。,エレクト,91.30%
しかし、ルートによっては悠弥と結婚することになり、彼女のルートでは全ヒロイン中、ハッピーエンドを迎える。,しかし、ルートによっては,76.92%
"今後,この様な問題の発生を防止する為,国家は厳しい規制を考える必要がある。","今後,この様な問題の発生を防止する為,国家は厳しい規制を考える必要がある。",0.00%
会社がお世話をしてくれなかったので自分で探したのですが、価格的にも割と負担のすくないこちらのマンスリーマンションを借りることになりました。,会社がお世話をしてくれなかったので自分で探したのですが、価格的にも割と負担のす,43.48%
野田佳彦首相は12月に中国を訪問する方向で最終調整に入った。,野田佳彦首相は12月に中国を訪問する方向で最終調整に入った。,0.00%
第1期終了後、素顔を晒して謎のレスラー「キャプテン・モロー」として過ごし、チャンピオンにまでなっていた。,第1期終了後、素顔を,80.77%
管轄する修道院がそもそも日本に存在しなかったのに、日本に正教会を伝えた亜使徒聖ニコライが日本伝道初期に掌院に昇叙されたことはその好例である。,管轄する修道院がそもそも日本に存在しなかったのに、日本に正教会を伝えた亜使徒聖ニコライが日本伝道初期に,27.14%
ガッローネは出資をあまり大規模に行なわず、マロッタと監督の手腕にすべてをゆだねている。,,100.00%
上記の理由で当時はさほど売り上げにつながらなかったが、1990年代後半以降、業務用・家庭用ゲームでこれと似た体感ゲームが登場してきている。,上記の理由で当時はさほど売り上げにつながらなかったが、1990年代後半以降、業務用・家庭用ゲームでこれと似た体感ゲームが登場してきている。,0.00%
その姿は見る者によって異なり、洋子には幼い頃の自分に見えた。,その姿は見る者によって異なり、洋子には幼い頃の自分に見えた。,0.00%
"事件の原因が新健康協会の教義にあったことは判決が認定しているようですし,裁判員の言葉の通り両親が子どもに対して“一生懸命愛情を持って接していた”のであれば,その愛情を間違った方向に走らせてしまった新健康協会は,なおのこと危険な団体であるということになります。","事件の原因が新健康協会の教義にあったことは判決が認定しているようですし,裁判員の言葉の通り両親が子どもに対して“一生懸命愛情を持って接していた”のであれば,その愛情を間違った方向に走らせてしまった新健康協会は,なおのこと危険な団体であるとい",6.98%
クロアチアは、アドリア海のイタリアとの中間線よりクロアチア側に、排他的経済水域を設定することを計画している。,クロアチアは、,87.04%
復興基本計画は、昭和20年から21年にかけて、市の関係部局や学識経験者、市民代表により復興計画に関する委員会で決定され、狭い市域に多くの人口を収容するために商工業・中小企業を発展させることを基本方針にし、区画整理の実施を幹線道路の整備による経済活動の円滑化とこれまで不足していた公園緑地の確保による都市美化、従来の不規則な街区整理を目的に、着実に着工する。,復興基本計画は、昭和20年から21年にかけて、市の関係部局や学,82.58%
土曜日の夜、仕事帰りに一人でふらりと立ち寄りました。,土曜日の夜、仕事帰りに一人で,46.15%
"最高裁の御威光によって,文科省の判断が“違法”認定。","最高裁の御威光によって,文科省の判断が“違法”認定。",0.00%
2009年地方競馬通算900勝達成。,2009年地方競馬通算900勝達成。,0.00%
エジプト情勢緊迫化の影響が国際商品市況へ波及し、世界景気に悪影響を及ぼす可能性が警戒された。,エジプト情勢,86.96%
漫画『DEATHNOTE』のパロディ。,漫画『DEATH,57.89%
すごろくを基本にしたゲームで、ドックロンが揺らす邪魔で落ちないようにしながらゴールまで進んでいく。,すごろ,93.88%
歴史上では、中国・後漢末期に発生した、党錮の禁で弾圧された集団の称として使われた。,歴史上では、中国・後漢末期に発生した、党,51.22%
キャラクターの心臓部とも言える、動作を制御するファイル。,キャラクターの心臓部とも言える、動作を制御するファイル。,0.00%
同じビルに調剤薬局もあるので会計後にそのまま向かうのが基本ルートです。,同じビルに調剤薬局もあるので会計後にそのまま向かうのが基本ルートです。,0.00%
なお同馬はこのレースに於いて発走枠入りを再三嫌がり、出走を遅らせたため一定期間出走停止とゲート再試験が科せられている。,なお同馬はこのレースに於いて発走枠入りを再三嫌がり、出走を遅らせたため一定期間出走停止とゲート再試験が科せられている。,0.00%
"また,この養護教諭は,砂糖玉をレメディーに変換するという装置を保健室に持ち込んでいた。","また,この養護教諭は,砂糖玉をレメディーに変換するとい",37.21%
線形作用素が有界であることと、連続であることは必要十分である。,線形作用素が有界であることと、連続であることは必要十分である。,0.00%
一方NASAのエイムズ研究センターが開発したナノセイルDは2008年8月にファルコン1ロケットによって打ち上げられるも打上げに失敗。,一方NASAの,89.39%
だんなさまにもこの気持ち良さを体感してもらって、スクールに通うOKをもらいます!,だんなさまにもこの気持ち良さを体感してもらって、スクールに通うOKをもらいます!,0.00%
冬季に利用。,冬季に利用。,0.00%
このため先に派遣されていた2個偵察機隊に加え、新たに偵察機隊を追加派遣することとなり、事変勃発から1ヵ月後に追加編制されたのが二三空である。,このため先に派遣されていた2個偵察機隊に加え、新たに偵察機隊を追加派遣することとなり、事変勃発から1ヵ月後に追加編制されたのが二三空である。,0.00%
なお、常陸国から佐竹氏の秋田転封に随行した菊池氏が数流見える。,なお、常陸国から佐竹氏の秋田,54.84%
かけがえのない家族を突然失う悲しみを知るだけに、できることをしたいと考えている。,かけがえのない家族を突然,70.00%
そして、テレビ朝日同様縁取りは行われていない。,そして、テレビ朝日同様縁取りは行われていない。,0.00%
上に引用した部分以外も同様です。,上に引用した部分以外も同様です。,0.00%
欧州不正対策局の付属機関である欧州技術・科学センターは、2002年の時点で最大で200万枚の偽造硬貨が出回っていると推測している。,欧州不正対策局の付属機関である欧州技術・科学センターは、2002年の時点で最大で200万枚の,29.23%
新ルールを聞いて、各々に想いを語った。,新ルールを聞いて、各,47.37%
マイカーの輸送力は公共交通機関に比べて遥かに劣るため、比較的小規模な都市でも混雑問題が深刻化する。,マイカーの輸送力は公共交通機関に比べて,61.22%
私は高校生の頃に臨床心理士になりたいと思い、心理学が学べる大学を片っ端から調べ、行けるだけオープンキャンパスに行きました。,私は高校生の頃に臨床心理士になりたいと思い、心理学が学べる大学を片,45.90%
ストーリー重視の作品を中心に掲載しているため過激な性的描写はほとんど見あたらない。,ストーリー重視の作品を中心に掲載しているため過激な性的描写はほとんど見,14.63%
直純より一年早く務め始めている。,直純より一年早く務め始めている。,0.00%
子供の頃は『仮面ライダーBLACK』や『機動刑事ジバン』が好きだった。,子供の頃は『仮面ライダーBLACK』や『機動刑事,31.43%
注文をすぐにとりにこない。,注文をすぐにとりにこない。,0.00%
北沢氏は防衛省と自衛隊の内部の検討だとした上で、派遣の根拠となる法令に関して防衛省設置法を念頭に「派遣が可能か検討している」と述べた。,北,98.51%
コウスケたち三年二組の担任。,,100.00%
中学卒業後は品茂先生とメル友になり、ヒナノと同じ高校に進学した。,中学卒業後は品,78.12%
潜水士になる前は会社も嫌になって辞め、親も納得するという理由で海上保安庁に入庁した経緯から、あらゆる境遇に逃げてきていたと自認しているが、仙崎と行動するうちに潜水士としての成長も見せている。,潜水士になる前は会社も嫌になって辞め、親も納得するとい,71.58%
また雨が降ると、鉄砲水となって渓谷内を通過していった。,また雨が,85.19%
"海老澤代表が統一教会の関係の人か訊くと“いえ,どなたかから聞いたのですか?”",海老澤代表が統一教会の関係の人か,57.89%
雰囲気がすき!,雰囲気がすき!,0.00%
私はここの病院に行き、人が怖くなり、外にでれなくなりました。,私はここの病院に行き、人が怖,53.33%
こうした技術を利用して一台のコンピュータの処理能力を飛躍的に向上させたものはスーパーコンピュータと呼ばれ、複数のコンピュータを統合して全体として処理能力を上げたものはコンピュータ・クラスターと呼ばれる。,こうした技術を利用して一台のコンピュータの処理能力を飛躍的に向上させたものはスーパーコンピュータと呼ばれ、複数のコンピュータを統合して全体として処理能力を上げたものはコンピュータ・クラスターと呼ばれる。,0.00%
趣味はソフトボール・マラソン・飲酒。,趣味はソフトボール・マラソン・飲酒。,0.00%
チチュウカイリクガメ属の模式種。,,100.00%
自分でも説明できないものを他人に勧めるのはやめてほしいものです。,自分でも説明できないものを他人に勧めるのはやめてほしいものです。,0.00%
英語が分からない私でしたが行ってみるとレベルに合わせてクラスが分かれていました。,英語が分からない私でしたが行ってみるとレベルに合わせてクラスが分かれていました。,0.00%
アドヴァンスの外壁には明日8月6日開催の荒川灯籠流しのポスターが貼ってあった。,,100.00%
店舗の見た目は正直不安をあおるものではありますが、安さと使い勝手は申し分ないと思います。,店舗の見た目は正直不安をあおるものではありますが、安さと使い勝手は申し分ないと思います。,0.00%
よって女子は完全内湯で開放感・景観はゼロでした。,よって女子は完全内湯で開放感・景観はゼロでした。,0.00%
収録曲など詳細は後日発表予定。,収録曲など詳細は後日発表予定。,0.00%
見積もりは出張や電話でしますが、家具の種類と修理項目別におよその見積もりをするフォームがあります。,見積もりは出張や電話でしますが、家具の種類と修理項目別におよその見積もりをするフォームがあります。,0.00%
血の流れの末端はうなじの下向きに湾曲した線で停止しており、なにか冠のようなものに原因が有るとすれば、茨の枝が後頭部にはまった高さにその線があるように見える。,血の流れの末端は,89.74%
戦後は1906年に装甲巡洋艦リューリク艦長に着任。,戦後は1906年に装甲巡洋艦,44.00%
相手GKと1対1になったりだとか、完全にフリーでシュートを打つというのもなかった。,相手GKと1対1になったりだとか、完全にフリーでシュートを打つとい,19.51%
"手配書の内容だが,記者の身長も“185cm位”から“180cm位”に修正されている。","手配書の内容だが,記者の身長も“185cm位”から“180cm位”に修正されている。",0.00%
"この写真を掲載しているのは,東京都内の店舗デザイン会社です。","この写真を掲載しているのは,東京都内の店舗デザイン会社です。",0.00%
ろうそくとアルコールランプを用い、炎の強さや大きさが放射能に当たり、炎からの距離に応じて感じる明るさや温かさは放射線量に当たることを関連づけて学んだ。,ろうそくとアルコールラン,84.00%
知っているCMばかり。,知っているCMばかり。,0.00%
古町の老舗店店主から店や町の歴史を聞く「古町老舗・名店巡りコース」や「西大畑・先人の偉業をたどるお屋敷町散歩コース」など12コースあり、一日2コースずつ開く。,古町の老舗店店主から店や町の歴史を聞く「古町老舗・名店巡りコース」や「西大畑・先人の,46.84%
この山寺のアイディアは、後に『ルパン三世風魔一族の陰謀』にて流用される。,この山寺のアイディアは、後に『ルパン三世風魔一族の陰謀』にて流用される。,0.00%
当時は調騎分離される前だったこともあり、調教師の清水茂次が20戦中19戦に騎乗している。,当時は調騎分離される前だったこともあり、調教師の清水,40.91%
同化産物は穀粒生産に向け直されるようになり、商業的な収穫のための化学肥料の効果が特に増加する。,同化産物は,89.36%
両親は転勤で北海道に在住しそれが延期となり、姉はまもなく海外へ留学のため親の意向に逆らいマンションを借りて一人暮らしをする。,両親は,95.16%
同署によると、ドラマの撮影は行われず、違約金も返却されないため、女性が2月に被害を届け出た。,同署によると、ドラマの撮影は行われず、,58.70%
翌12日より五島産業汽船が同航路の運航を開始したが、2006年4月をもって廃止。,翌12日より五島産業汽船が同航路の運航を開始したが、2006年4月をもって廃止。,0.00%
翌年に試作機が完成しているが、減速装置の不調と重量過大が最後まで改善されなかった。,翌年に試作機が完成しているが、減速装置の不調と重量過大が最後まで改善されなかった。,0.00%
食後のラテと小さなデザートもお気に入り。,食後のラ,80.00%
コンピュータにおけるデータログでは、障害などが発生したとき、何が起きたのかを説明できるようにするためにプログラムが自動的にある範囲のイベントを記録する。,コンピュータにおけるデータログでは、障害などが発生したとき、何が起きたのかを説明できるようにするためにプログラムが自動的にある範囲のイベントを記録する。,0.00%
"受付で訊くと展示会は招待制とのことだったが,モバイルHPにその旨の記載がないことを告げると責任者を呼ぶから待つようにと言われた。",受付で,95.31%
"「MAX11836」はユーザー定義のハプティックパターンのオンチップ保存,再生ロジック,出力設定可能なDC-DC変換,および高い容量性負荷用の出力ドライバを備えている。",「MAX11836」はユーザー定義のハ,77.38%
基盤左側に某有名PC周辺機器メーカーのロゴが見えます。,基盤左側に,81.48%
いよいよイベントもお開きの時間となり、3人は来場者に向け1人ずつコメント。,いよいよイベントもお開きの時間となり、3人は来場者に向け1人ずつコメント。,0.00%
これのお返しとして、寝屋親が寝屋子にごちそうをふるまうことを「寝屋子振舞い」という。,これのお返しとして、寝屋親が寝屋子にご,54.76%
アッシリア王名表では彼の記述の後に「食べつくされる」という注釈がついている。,アッシリア王名表では彼の記述の後に「食べつくされる」とい,26.32%
女優のランキングでは、20代から30代までの票がいろんな女優にばらけたのに対し、40代から60代までの票が、オードリー・ヘップバーンやマリリン・モンローに集中したことで、上位に往年のハリウッドスターがランキングする結果となりました。,女優のランキングでは、20代から30代までの票がいろんな女優にばら,71.55%
菅直人首相は28日、円高で加速しかねない産業空洞化を防ぎ、地方を中心に雇用を確保するため、国内への工場立地などの推進を目指す「日本国内投資促進プログラム」の策定を直嶋正行経済産業相に指示した。,菅直人首相は28日、円高で加速しかねない産業空洞化を,72.92%
現在では、観光客も多く訪れるようになっている。,現在では、観光客も多く訪れるようになっている。,0.00%
代わりの人がやったからって上手くできるのかなという感じもあります。,代わりの人がやったからって上手くできるのかなとい,27.27%
"創価学会員も参加している運動を“左翼&唯物論”と言われても,意味がよくわかりません。",創価学会員も参加している運動を“左翼&,54.76%
無邪気で素直な性格であるが、少し弱虫。,無邪気で素直な性格であるが、少し,15.79%
2011年8月に行われた韓国プロ野球ドラフト会議にて、LGツインズより8位指名を受けたが、宋は日本のドラフト会議でも指名の対象になっており、日本でのプレーを希望していることからLGの指名を拒否。,2011年8月に行われた韓国プロ野球ドラフト会議にて、LGツイン,67.01%
小田急の通勤車両では初めて他事業者路線への乗り入れを前提とした車両になることから、それまでの小田急の通勤車両の標準仕様とは異なる新技術が採用された。,小田急の通勤車両では初めて他事業者路線への乗り入れを前提とした車両になることから、それまでの小田急の通勤車両の標準仕様とは異なる新技術が採用された。,0.00%
同じく11代目として登場したのが松熊由紀である。,同じく11代目として登場したのが松熊,25.00%
神奈川県横浜市に所在するNPO法人。,神奈川県横浜市に所在するNPO法人。,0.00%
"これはTPが南下される時,神様と約束された南北統一をなすことです。","これはTPが南下される時,神様と約束された南北統一をなすことです。",0.00%
気軽に立ち寄れるネイルサロンなので、初めての人でも是非通ってみてください。,気軽に立ち寄れるネイルサロンなので、初めての人でも是非通ってみてください。,0.00%
ヒットメーカーに当たりが出ない。,ヒットメーカーに当たりが出ない。,0.00%
"私は“あるんだ”という以外ないので,議論になります。",私は“あるんだ”とい,61.54%
デドフスクにはM9幹線道路が通るほか、モスクワからリガに向かう鉄道も通る。,デド,94.59%
日置藩領主。,日,83.33%
一旦はその考えを受け入れたが、CNRT率いる野党連合とフレティリンは、何週間も論争を繰り返したが合意には至らなかった。,一旦はその考えを受け入れたが、CNRT率いる野党連合と,54.24%
1635年か36年にアントワープの画家組合に加入。,1635年か36年にアント,48.00%
"2004年の推計では100,771人に減少している。",2004年の,76.92%
2007年3月にFIFA女子ワールドカップの出場権をかけた大陸間プレーオフで2003年と同様にメキシコとホーム・アンド・アウェーで対戦。,2007年3月にFIFA女子ワールドカップの出場権をかけた大陸間プレーオフで2003年と同様にメキシコとホーム・アンド・アウェーで対戦。,0.00%
御手洗学園高等部入学直後にミステリー執筆技術を実践的に習えるものと勘違いし、実践ミステリ倶楽部に仮入部する。,御手,96.30%
発表会などのイベントでは、生徒さんたちの演奏だけでなく、講師陣のセッションもかなり見応えがあります♪,発表会などのイベントでは、生徒さんたちの演奏だけでなく、講師陣のセッションもかなり見応えがあります♪,0.00%
国民運動連合所属。,国民運動連合所属。,0.00%
まもなくしてミトライはラテンアメリカの芸術・文化に魅了されはじめた。,まもなくしてミトラ,73.53%
そこで、うなぎ屋が山伏を追っかけてその通りに言うと「わしゃ。,そこで、,86.67%
"正午からのデモでは,紀尾井町の文芸春秋本社通用門前に30名程の信者が並び,初日からリーダーを務める井口氏の号令で一人ずつビルに向かい抗議の演説。","正午からのデモでは,紀尾井町の文芸春秋本社通用門前に30名程の信者が並び,初日からリーダーを務める井口氏の号令で一人ずつビルに向かい抗議の演説。",0.00%
同大統領は、EU加盟および欧州統合を目指す意向を表明した。,同大統領は、EU加盟および欧州統合を目指す意向を表明した。,0.00%
したがって、横滑り側の片翼の揚力が反対側よりも大きくなり、エルロン操作を行なわなくとも傾きは回復する。,したがって、横,86.27%
その理由は“科学の無視”です。,その理由は“科学の無視”です。,0.00%
艦名はエイの一種であるスケートに因む。,艦名は,84.21%
脱線の原因は不明で、地元の消防局は、煙に有害物質が含まれている可能性があると周辺の住民に注意を呼びかけている。,脱線の原因は不明で、地元の消防局は、,67.27%
こうしたことは、後の大洪水時代においても同様であり、貴族共和制の弱点を突かれたと言える。,こうしたことは、後の大洪水時代においても同様であり、貴族共和制の弱点を突かれたと言える。,0.00%
安徽省安慶出身。,安,87.50%
ペリューは、1804年に少将に昇進した。,,100.00%
グレズリー式連動弁装置は実質上は付加装置であって、外側二気筒の弁装置の位置を逆向きに合成して中央シリンダーの弁位置を決めている。,グレ,96.88%
目標が超音速飛行している場合においても、その時だけ短時間飛行できれば問題無く、長時間の超音速飛行によって追尾する必要は無いからである。,目標が超音速飛行している場合においても、その時だけ短時間飛行できれば問題無く、長時間の超音速飛行によって,22.39%
新快速の運行時間外などは快速としても運用され、稀に湘南色との混色編成などもあった。,新快速の運行時間外などは快速としても運用され、,43.90%
13歳の頃から数々の舞台に出演しており、アル・パチーノとの共演歴もある。,13歳の頃から数,77.78%
当初、民主党の西村智奈美が「審議に100時間は必要だ」と主張し、与党側も「重要法案」指定を見送ったことから、第171回国会での公文書管理法の成立は絶望視されていた。,当初、民主党の西村智,87.80%
神奈川県鎌倉市北鎌倉出身。,神奈川県鎌倉市北鎌倉出身。,0.00%
唯一、最初から冥術を使用できるクラス。,唯一、最初から,63.16%
1883年に家族に連れられてドイツに移住。,1883年に家族に連れられてドイツに移住。,0.00%
味は申し分ない。,味は申し分ない。,0.00%
そして5月にリリースした「Story」は8位初登場の後、売上枚数30万枚、ダウンロード件数400万件となり、同曲で初のNHK紅白歌合戦出場を果す。,そして5月にリリースした「Story」は8位初登場の後、売上枚数30万枚、ダウンロード件数400万件となり、同曲で初のNHK,15.07%
詳細は槍槓を参照。,詳細は槍,55.56%
プードルの女の子のキャラクター。,,100.00%
僕ができるのはクルマのフィードバックだけ。,僕ができるのはク,61.90%
バスは園児19人と運転手、幼稚園の職員の計21人が乗車し、幼稚園に向かう途中だった。,バスは園児19人と運転手、,69.05%
一般的にハニー・ライトニング・フレアより威力が高い。,一般的にハニー・ライトニ,53.85%
この地形を利用している生物がアキアカネである。,この地形を利用している生物が,39.13%
14日未明、ジャーヴィスはスペイン艦隊が風上35マイルにあることを知った。,14日未明、,83.78%
考え方の源流は、アルキメデスが円周率の近似値を計算する際に用いた方法にまで遡るが、現代的な形での定式化はガウスによってなされた。,考え方の源流は、アルキ,82.81%
非常に楽しみです。,非常に楽しみです。,0.00%
MVPは打率.450、2本塁打、6打点の成績をあげたアラン・トランメルが初選出。,MVPは打率.450、2本塁打、6打点の成績をあげたアラン・トラ,20.00%
ラジカルは反応性が高く、生物学的環境ではたいていの場合あまり高濃度では存在せず、ラジカルに1電子を奪われた分子が他の分子から電子を引き抜くとその分子がさらにラジカルを形成するので反応は連鎖的に進行する。,ラ,99.01%
会社の業務もナイフや刀剣の売買が主体となるが、いずれの名称も同好会的な誤解を生じ易いため、そうした誤解を上手く利用して業績を上げたようである。,会社の業務も,91.55%
これは、学校教育や大手新聞やテレビや書籍で、「日本は韓国の優れた文化を受け入れるだけの文化劣等国」「有史以来一枚見下げるべき文化的劣等者」「韓半島に比べてみすぼらしくて短い歴史しか持たず、歴史を捏造するしかない日本」というような対日蔑視に基づいた誤った論評が日常的に行われたり、日本列島を指す「島国」という言葉が「劣等で未開」という意味で使われて、駐日韓国大使がテレビのインタビューで使うまでになっていることからも伺える。,これは、学校教育や大手新聞やテレビや書籍で、「日本は韓国の優れた文化を受け入れるだけの文化,78.67%
同校は1923年に創立された、ヒューストンでは最も長い歴史を誇る法学校で、模擬裁判プログラムがつとに良く知られている。,同校は1923年に創立された、ヒューストンでは最も長い歴史を誇る法学校で、模擬裁判プログラムがつとに良く知られている。,0.00%
横須賀線への転属後、主電動機を強力形に交換した7両が新形式のモハ53形を付与された。,横須賀線への,85.71%
変更点の詳細については、タイムクライシス4の項を参照のこと。,変更点の詳細については、タイムクライ,40.00%
一部で9月中間期の連結営業利益が36億円前後と前年同期比35%程度増えたようだと伝えられたことが買い材料となった。,一部で9月中間期の連結営業利益が36億円前後と前年同期比35%程度増えたようだと伝えられたことが買い材料となった。,0.00%
便宜的に分類したがもちろん複数のケースにまたがった適応を示す動物も多い。,便宜的に分類したがもちろん複数のケースにまたがった適応を示す動物も多い。,0.00%
12月2日の午後、ドイツ空軍パイロット、ヴェルナー・ハーンはMe210でバーリを上空から偵察した。,12月2日の午後、ドイツ空軍パイロット、,59.18%
暴騰する食料価格や大災害で人心は荒廃し、食料目当ての暴動や若者の退廃が進行。,暴,97.37%
幸福の科学学園の毎時4.20マイクロシーベルトというこの基準を上回ります。,幸福の科学学園の毎時4.20マイクロ,51.35%
長時間拘束され半軟禁状態の女性もいた。,長時間拘束され半,57.89%
同発電所は老朽化した小規模の発電所で、警備は手薄だった。,同発電所は老,78.57%
回転ジェットによる体当たり攻撃。,回転ジェットによる体当たり攻撃。,0.00%
屋根のアンテナにカラスが止まっていたずらをするし、屋根が汚れてこまるからと、調査の依頼がありました。,屋根のアンテナにカラスが,76.00%
"そのカステラは,表面に“祝3.16広宣流布記念の日”と印字されており,これを買うと,創価学会のシンボルである3色デザインの紙袋に入れてくれます。",その,97.22%
13世紀の建築は1456年から1466年にかけて新しいサンクチュアリに合うように改築された。,13世紀の建築は1456年から1466年にかけて新しいサンク,34.78%
インクは、大きく分けてビン入りとカートリッジ入りの2種類の形態で流通している。,インクは、大きく分けてビン入りとカート,51.28%
勧誘員と勧誘対象者。,勧誘員と勧誘対象者。,0.00%
また、攻撃手法としてはJavaScriptの難読化による手口や、PDFを利用した攻撃が引き続き増加しており、フィッシング詐欺の発生件数は2009年のピーク時に比べて82%減少したが、依然として金融機関が主要ターゲットとして脅威に晒されているとしている。,また、攻撃手法としてはJava,88.10%
"これがまた,うまい。","これがまた,うまい。",0.00%
艦長は、爆薬をリモコンによる遠隔操作で爆発させて艦内の機材や機密文書等を爆破処分し、証拠を隠滅しようとしたが、効果は不十分に終わった。,艦長は、爆薬をリモコンによる遠隔操作で爆発させて艦内の機材や機,53.73%
アイドルユニットとしても売り出され、フリーランスになってからは主演Vシネマの主題歌CDもだし、歌手デビューも果たす。,アイドルユニットとしても売り出され、フリーランスになってからは主演V,41.38%
毛布にくるまって寒さをしのぎ、おにぎり1個を家族4人で分け合った。,毛,96.97%
動きは緩慢だが常にスーパーアーマー状態であり、ほとんどの攻撃を受けてもひるまない。,動きは,92.68%
よく見ると、背中や腹にあるぶち模様がいずれもハートの形をしており「体全体にハートがある猫」と口コミで広がったという。,よく見ると、背中や腹にある,77.59%
"タダで留学生が韓国料理をふるまい,韓国語も教えるので,日本語を教えてもらったり,友達になってもらいたい。","タダで留学生が韓国料理をふるまい,韓国語も教えるので,日本語を教えてもらったり,友達になってもらいたい。",0.00%
「VANITYDANCE」と「Labyrinth」は、オムニバスアルバム『漆黒のシンフォニー』に収録されたもののリミックスバージョンである。,「VANITY,90.00%
そのうちの幾つかはイギリス当局がケニア人を抑圧した方法をそのまま転用したものだった。,そのうちの幾つかはイギリス当局が,61.90%
縦に並ぶ4門の砲台から、それぞれバウンド弾、ブーメラン弾、誘導弾、レーザーを発射する。,,100.00%
木炭デッサンにおいて消しゴムは硬くて紙を傷めるために使用できず、柔らかく油分の少ない食パンを代用している。,木炭デ,94.34%
"大変,卑怯といわざるをえない。","大変,",80.00%
いろんなメニューがあり、どんどん頼みたくなっちゃいますね!,いろんなメニューがあり、どんどん頼みたくなっちゃいますね!,0.00%
"この手の本が翻訳されることは少ないと思っていたのだが,昨今のソーシャル流行りが要因かはわからないが,翻訳本が原書から1年もしないでリリースされたのはよい知らせだ。","この手の本が翻訳されることは少ないと思っていたのだが,昨今のソーシャル流行",54.32%
「1997〜1999」とは、FBIがデビューした年から本作が発売された年を意味する。,「1997〜1999」とは、FBIがデビューした年から本作が発売された年を意味する。,0.00%
生きていくことは美しいことだといつも思う。,生きていくことは美しいことだといつも思う。,0.00%
ドラゴンズは9番チェンからの打順だったが、代打に水田を送る。,ドラゴン,86.67%
ダウンタウンの17ブロックにわたって広がるシアター・ディストリクトには9つの著名な演技芸術団体が本部を置き、6ヶ所のホールが立地している。,ダウンタウンの17ブロックにわたって広がるシアター・デ,60.87%
昔ながらの「売りっぱなし」商売をしている。,昔ながらの「売り,61.90%
中学ではシェークスピア・ギリシア哲学・演劇にも熱中した。,中学ではシェークスピア・ギリシア哲学・演劇にも熱中した。,0.00%
後の稲川組幹部)と知り合い、出口辰夫と兄弟分となった。,後の稲川組幹部)と知り合い、出口,40.74%
会議後は資料作成などに着手し、退社は夜12時前後。,会議後は資料作成などに着手し、退社は夜12時前後。,0.00%
現在の計画停電の3時間であれば、つけっぱなしにしても大丈夫そうだ。,現在の計画停電の3時間であれば、つけ,45.45%
"皮肉なことに信濃町は,共産党タウン以上に北朝鮮的な街なのである。","皮肉なことに信濃町は,共産党タウン以上に北朝鮮的な街なのである。",0.00%
一般的に、貧栄養な外洋では生物過程による全エネルギー・炭素フラックスに占める微生物環の割合が沿岸や内湾よりも高い。,一般的に、,91.23%
ストリンガー氏は震災発生時は米国におり、被災現場を訪れたのは初めて。,,100.00%
ジョージ・ハリスンの作品。,ジョージ・ハ,53.85%
前作では10枚以上コインを取るとスーパーキノコが出てきたが、本作ではコインが5枚散らばるようになっている。,前作では10枚以上コインを取るとスーパーキノコが出てきたが、本作ではコインが5枚,24.53%
籾井王子から紀州街道旧道を西に1.5kmほど進み、海営宮池という池の近くの交差点を北に向かう脇道に入ったところに墓地があり、その北側に石碑と説明板がある。,籾,98.70%
2006年11月8日、関東地方から東北地方にかけてカリオペとリヌスによる恒星の掩蔽がアマチュア天文家たちによって観測され、カリオペとリヌスの正確な大きさと位置が求められた。,2006年11月8日、関東地方から東北地方にかけて,70.93%
一方、東海地方北陸地方以東の東日本は、比較的広い沖積平野に恵まれていた上に、太平洋側を中心に低開発状態の洪積台地や河岸段丘面の農地開発の余地が大きく、日本海側を中心に扇状地でも開発の余地が広く存在したため、江戸時代に至っても、急峻な山地の傾斜面を切り開いて棚田をつくるまでに至らなかったところが多く、棚田はあまりつくられないか、つくられた場合でも畔や土手は傾斜が緩やかな土盛りとなり、西日本とは対照的な棚田風景となった。,一方、東海地方北陸地方以東の東日本は、比較的広い沖積平野に恵まれていた上に、太平洋側を中心に低開発状態の,75.24%
帰り道、あまり気持ちよかったのでフワフワしちゃいましたよ。,帰り道、あまり気持ちよかったので,44.83%
当駅の所在する地名より。,当駅の所在する地名より。,0.00%
右腕からチャージショットを放つ「ハイパーZEROブラスター」は火力が高く、空中でのけん制にも使えるなどゼロにとって重要な技となる。,右腕からチャージショットを放つ「ハイパーZEROブラスタ,56.92%
本当に焼いただけでいただけるというところが気に入っています。,本当に焼いただ,76.67%
安くて早いから、この系列店をよく使わせてもらっているが、ここはカットが下手過ぎる。,安くて早いから、この系列店をよく使わせてもらっているが、ここはカットが下手過ぎる。,0.00%
また利用したいです。,また利用したいです。,0.00%
"天理教は,新宿区高田馬場にある牛込大教会を開放。","天理教は,新宿区高田馬場にある牛",33.33%
"馬鹿な事を続けていれば信者からの求心力がどんどん失われていくでしょうから,そのままカルト崩壊へGO!",馬鹿な事を続けていれば信者からの,68.00%
生理的に嫌。,生理的に嫌。,0.00%
言い回しや態度が妙に芝居がかっており、プレイヤーからは「キモイ」と言われていた。,言い回しや態度が,80.00%
十メートル長の巨大なライフルと、周囲の景色に同化する機能を持つマントを駆使するスナイパー。,十メートル長の巨大なライフ,71.11%
猫が亡くなった今でも心から感謝しています。,猫が亡くなった今でも心から感謝しています。,0.00%
"2008年1月から6月に振り込め詐欺・オレオレ詐欺で使用された携帯電話約2,300台のうち約7割がソフトバンク携帯だったとの報道が12月にあった。","2008年1月から6月に振り込め詐欺・オレオレ詐欺で使用された携帯電話約2,300台のうち約7割がソフトバンク携帯だったとの報道が12月にあった。",0.00%
これにより業務協力で会員社の経営の効率化を図った。,これにより業務協力で会員社の経営の効率化を図った。,0.00%
水牛のような角を持つ漆黒の巨人の姿をしており、目から放つ光線であらゆる物を砂に変えて崩壊させる。,水牛のような角を持つ,79.17%
ただし、書いていないのか未採択なのかの区別をつけるために「研究」節内で「*私立大学学術研究高度化推進事業の採択はない。,ただし、書いていないのか未採択なのかの区別をつけるために「研究」節内で「*私立大学学術研究高度化推進事業の採択はない。,0.00%
"男は女の為に闘い抜いたとき女は心を寄せるのであって,何もしないで足の長さで女を釣ろうとするのはルンペンのやることである。","男は女の為に闘い抜いたとき女は心を寄せるのであって,何もしないで足の長さで女を",35.00%
後続の車両の方がBAの番号は若いが、BA-27の27は開発年度から来ているものと以降の車両はほぼ製作順に番号が並んでいる。,後続の車両の方がBAの番号は若いが、BA-27の27は開発年度から来ているものと以降の車両はほぼ製作順に番号が並んでいる。,0.00%
"ご理解とご協力,よろしくお願いいたします。","ご理解とご協力,よろしくお願いいたします。",0.00%
亜大の東浜も6回で12三振を奪った。,亜大の東浜も6回で12三振を奪った。,0.00%
直人の妻。,直人の妻。,0.00%
"まあAIDMA,AISASをはじめとするSIPSみたいな言葉には最近嫌悪感すらするのだけど,モデルとしては判りやすい。","まあAIDMA,AISASをはじめとするSIPSみたいな言葉には最近嫌悪感すらするのだけど,モデルとしては",10.17%
2006年には柏レイソルの監督に就任。,2006年には柏レイソ,42.11%
ポッドキャスト用アグリゲータの主な目的はRSSに関連付けされているポッドキャスト・ファイルのダウンロードだが、音楽再生機能を持ち、ダウンロードしたファイルを直接再生できるものも多い。,,100.00%
味付けは、あっさり目で、かなり調味料に気を使っているのかもしれません。,味付けは、あっさり目で、かなり調味料に気を使っているのかもしれません。,0.00%
ブラジルだけが、モーターやエンジンなど各国の先端技術を組み合わせることで、数千メートルの環境変化に耐えられる独自技術を開発した。,ブラジルだけが、モーターやエンジンなど各国の先端技術を組み合わせることで、数千メートルの環境変化に耐えられる独自技術を開発した。,0.00%
"こうした理由で,例えプラセボとしても,医療関係者がホメオパシーを治療に使用することは認められません。","こうした理由で,例えプラセボとしても,医療関係者がホメオパシーを治療に使用することは認められません。",0.00%
"新聞は,助産師が所属する団体名や療法名を報じていませんが,ホメオパシーを用いる団体と思われます。","新聞は,助産師が所属する団体名や療法名を報じていませんが,ホメオパシーを用いる団体と思われます。",0.00%
支持者によって20世紀最大の神学者と称される新正統主義のカール・バルトは、未完の主著「教会教義学」全4巻における第3巻、邦訳全36分冊中11冊分を創造説に割いている。,支持者によって20世紀最大の神学者と称される新正統主義のカール・バルトは、未,54.22%
日産は8月6日、軽自動車「オッティ」の一部仕様を変更し、同日より発売した。,日産は8月6日、軽自動車「オ,62.16%
翼端に付けていた増槽は機体の重心が前に寄り過ぎるために使用されず、主翼中央下面に滑らかな形状で装着できるように再設計された。,翼端に付けていた増槽は機体の重心が前に寄り過ぎるために使用されず、主翼中央下面に滑らかな形状で装着できるように再設計された。,0.00%
若い頃は土司の小作人や軍の人夫をして過ごす。,若い頃は土司の小作人や軍の人夫をして過ごす。,0.00%
クールな性格で、自らを「いやな子」と称する。,クールな性格で、自らを「いやな子」と称する。,0.00%
ヴァランゲル半島の北東部に位置する。,,100.00%
"統一教会足立教会の週報でも今回のイベントが信者に対して告知されていることから,集会の参加者にも統一教会信者が動員されるものと思われます。",統一教会足立教会の週,85.29%
第7回以降の大会で、サッカーのビクトリーゴールのように条件を満たした時点で勝ちとなる特別な勝利条件が加えられることが度々あった。,第7回以降の大会で、サッカーの,76.56%
反乱軍の一人。,反乱軍の一人。,0.00%
建築評論家。,建築評論家。,0.00%
しかし中松氏については警察関係者も苦笑い。,しかし中松氏については警察関係者も苦笑い。,0.00%
終盤のツール・ド・おきなわでは鳩村と共に最後まで走りぬき、30位に入る健闘を見せる。,終盤のツール・ド・おきなわでは鳩村と共に最後まで走りぬき、30位に入る健闘を見せる。,0.00%
"護符の由来どころか,そもそも杉山先生の気功能力の出自もナゾです。","護符の由来どころか,そもそも杉山先生の気功能力の出",21.88%
見学がてらの面接後も、電話で見学してみた印象を確認してくださって後で比較検討しやすいようにとアドバイスしてくださいました。,見学がてらの面接後も、電話で見学してみた印象を確認してくださって後で比較検討しやすいようにとアドバイスしてくださいました。,0.00%
プラスミドを改変してベクターとして利用する。,プラスミドを,72.73%
駐車場は狭いので混みあう時間帯は注意ですが、事前に電話をして到着時間を伝えておけば良いですね。,駐車場は狭いので,82.98%
散髪のやり方次第で頭脳は発達すると考えて、どの店の散髪がよいか理髪店を絶えず替えていた。,,100.00%
見上げる程の大きさの弧形が地表に露出しているが、これですら全体の一部でしかなく、全体は地殻を貫通して星の核にまで達している。,見上げる程の大きさの,83.87%
また、顕彰当時現役の選手も存在したが、いずれも既に全女を退団していた。,また、顕彰当時現役の選手も存在したが、いずれも既に全女を退団していた。,0.00%
